﻿<?xml version="1.0" encoding="UTF-8"?>
<LandInfraDataset
xmlns="http://www.opengis.net/infragml/core/1.0"
xmlns:gml="http://www.opengis.net/gml/3.2" 
gml:id="ds1"
xmlns:xlink="http://www.w3.org/1999/xlink"
xmlns:li="http://www.opengis.net/infragml/core/1.0"
xmlns:lia="http://www.opengis.net/infragml/alignment/1.0"
xmlns:gmllr="http://www.opengis.net/gml/3.3/lr"
xmlns:gmllro="http://www.opengis.net/gml/3.3/lro"
xmlns:xsi="http://www.w3.org/2001/XMLSchema-instance"
xsi:schemaLocation="http://www.opengis.net/infragml/alignment/1.0 Part3Alignment0410.xsd">
	<!--  Implementation of LandInfaDataset LandInfra RC with Road Register  -->
	<datasetID>
		<ID>
			<identifier>Highway30-05_Alignment</identifier>
			<scope>Korean Road register Information</scope>
		</ID>
	</datasetID>
	<name>MORAD, XPOINT, and SLOPE Road register dataset</name>
	<description>MORAD, XPOINT, and SLOPE Road register dataset encoded to Alignment LandInfra </description>
	<dateTime>2022-03-23T15:00:00</dateTime>
	<datasetVersion>1.0</datasetVersion>
	<application>manual</application>
	<author>Munkhbaatar</author>
	<infraVersion>1.0</infraVersion>
	<language>English</language>
	<defaultCRS xlink:href="EPSG:5179"/>
	<!--  Implementation of MROAD Road Register with Alignment RC  -->
	<feature>
		<lia:MROAD gml:id="mr1">
			<lia:Alignment gml:id="a1">
				<gml:description>road register alignment definition</gml:description>
				<gml:name>Highway 30 section 05 centerline alignment</gml:name>
				<spatialRepresentation>
					<SpatialRepresentation>
						<geometry xlink:href="linestring1" xlink:title="LineString"/>
					</SpatialRepresentation>
				</spatialRepresentation>
				<linearlyReferencedLocation>
					<LinearlyReferencedLocation>
						<linearFromToLocation>
							<LinearFromToLocation>
								<fromPosition>
									<gmllr:PositionExpression gml:id="pe1">
										<gmllr:linearElement>Highway 30 section 05 centerline</gmllr:linearElement>
										<gmllr:lrm xlink:href="lrm1"/>
										<gmllr:distanceExpression>
											<gmllr:DistanceExpression gml:id="de1">
												<gmllr:distanceAlong uom="m">0</gmllr:distanceAlong>
											</gmllr:DistanceExpression>
										</gmllr:distanceExpression>
									</gmllr:PositionExpression>
								</fromPosition>
								<toPosition>
									<gmllr:PositionExpression gml:id="pe2">
										<gmllr:linearElement>Highway 30 section 05 centerline</gmllr:linearElement>
										<gmllr:lrm xlink:href="lrm1"/>
										<gmllr:distanceExpression>
											<gmllr:DistanceExpression gml:id="de2">
												<gmllr:distanceAlong uom="m">7560</gmllr:distanceAlong>
											</gmllr:DistanceExpression>
										</gmllr:distanceExpression>
									</gmllr:PositionExpression>
								</toPosition>
							</LinearFromToLocation>
						</linearFromToLocation>
					</LinearlyReferencedLocation>
				</linearlyReferencedLocation>
				<lia:alignmentID>
					<lia:ID>
						<identifier>Alignment_Highway30_05</identifier>
					</lia:ID>
				</lia:alignmentID>
				<lia:purpose>road centerline</lia:purpose>
				<lia:linestring2DRepresentation>
					<lia:Linestring2DRepresentation gml:id="l2D">
						<gml:pos>0 0</gml:pos>
						<gml:pos>0 7560</gml:pos>
					</lia:Linestring2DRepresentation>
				</lia:linestring2DRepresentation>
				<lia:RDID>C0115025100300520160001</lia:RDID>
				<lia:roadMaintenanceOffice>51 Jeonju</lia:roadMaintenanceOffice>
				<lia:roadLength uom="m">7560</lia:roadLength>
				<lia:mixLength uom="m">0</lia:mixLength>
				<lia:exclusiveLength uom="m">7560</lia:exclusiveLength>
			    .....
				<lia:geometry>
					<lia:AlignmentCurve gml:id="ac1">
						<lia:horizontal>
							<lia:Alignment2DHorizontal gml:id="ah1">
								<lia:location>Highway 30 section 05 centerline</lia:location>
								<lia:description>Highway 30 section 05 centerline</lia:description>
								<lia:state>existing</lia:state>
								<lia:segment>
									<lia:Alignment2DHorSegment>
										<lia:tangentialContinuity>true</lia:tangentialContinuity>
										<lia:geometry>
											<lia:LineSegment>
												<gml:pos>0 0</gml:pos>
												<gml:pos>0 7560</gml:pos>
											</lia:LineSegment>
										</lia:geometry>
									</lia:Alignment2DHorSegment>
								</lia:segment>
							</lia:Alignment2DHorizontal>
						</lia:horizontal>
					</lia:AlignmentCurve>
				</lia:geometry>
			</lia:Alignment>
		</lia:MROAD>
	</feature>
	<!--  Implementation of XPOINT Road Register with Alignment RC  -->
	<feature>
		<lia:Alignment gml:id="a1">
			<gml:description>Road geometry alignment definition</gml:description>
			<gml:name>Highway 30 section 05 centerline geometry</gml:name>
			<spatialRepresentation>
				<SpatialRepresentation>
					<geometry xlink:href="linestring1" xlink:title="LineString"/>
				</SpatialRepresentation>
			</spatialRepresentation>
			<linearlyReferencedLocation>
				<LinearlyReferencedLocation>
					<linearFromToLocation>
						<LinearFromToLocation>
							<fromPosition>
								<gmllr:PositionExpression gml:id="pe1">
									<gmllr:linearElement>Highway 30 section 05 centerline geometry</gmllr:linearElement>
									<gmllr:lrm xlink:href="lrm1"/>
									<gmllr:distanceExpression>
										<gmllr:DistanceExpression gml:id="de1">
											<gmllr:distanceAlong uom="m">2.725</gmllr:distanceAlong>
										</gmllr:DistanceExpression>
									</gmllr:distanceExpression>
								</gmllr:PositionExpression>
							</fromPosition>
							<toPosition>
								<gmllr:PositionExpression gml:id="pe2">
									<gmllr:linearElement>Highway 30 section 05 centerline geometry</gmllr:linearElement>
									<gmllr:lrm xlink:href="lrm1"/>
									<gmllr:distanceExpression>
										<gmllr:DistanceExpression gml:id="de2">
											<gmllr:distanceAlong uom="m">2.921</gmllr:distanceAlong>
										</gmllr:DistanceExpression>
									</gmllr:distanceExpression>
								</gmllr:PositionExpression>
							</toPosition>
						</LinearFromToLocation>
					</linearFromToLocation>
				</LinearlyReferencedLocation>
			</linearlyReferencedLocation>
			<lia:alignmentID>
				<lia:ID>
					<identifier>Alignment_Geometry_Highway30_05</identifier>
				</lia:ID>
			</lia:alignmentID>
			<lia:purpose>road centerline geometry</lia:purpose>
			<lia:linestring2DRepresentation>
				<lia:Linestring2DRepresentation gml:id="l2D">
					<gml:pos>0 2.725</gml:pos>
					<gml:pos>0 2.921</gml:pos>
				</lia:Linestring2DRepresentation>
			</lia:linestring2DRepresentation>
			<lia:geometry>
				<lia:AlignmentCurve gml:id="ac1">
					<lia:crs xlink:href="ecrs1"/>
				</lia:AlignmentCurve>
			</lia:geometry>
			<lia:horizontal xlink:href="ah1"/>
		</lia:Alignment>
	</feature>
	<feature>
		<lia:XPOINT gml:id="ah1">
			<lia:location>Highway 30 section 05 centerline geometry</lia:location>
			<lia:description>Highway 30 section 05 centerline geometry</lia:description>
			<lia:state>existing</lia:state>
			<lia:startDistandceAlong>2.725</lia:startDistandceAlong>
			<lia:segment>
				<lia:Alignment2DHorSegment>
					<lia:tangentialContinuity>false</lia:tangentialContinuity>
					<lia:geometry>
						<lia:ClothoidArcSegment>
							<gml:refLocation>
								<gml:AffinePlacement>
									<gml:location/>
									<gml:refDirection/>
									<gml:inDimension>2</gml:inDimension>
									<gml:outDimension>2</gml:outDimension>
								</gml:AffinePlacement>
							</gml:refLocation>
							<gml:scaleFactor>1</gml:scaleFactor>
							<gml:startParameter>1</gml:startParameter>
							<gml:endParameter>1</gml:endParameter>
						</lia:ClothoidArcSegment>
					</lia:geometry>
				</lia:Alignment2DHorSegment>
			</lia:segment>
			<lia:RDID>R1615025100300520160004</lia:RDID>
			<lia:roadMaintenanceOffice>51 Jeonju</lia:roadMaintenanceOffice>
			<lia:intersectionAngle uom="Degree">18</lia:intersectionAngle>
			<lia:intersectionAngle uom="Minute">13</lia:intersectionAngle>
			<lia:curveRadius uom="m">1000</lia:curveRadius>
			<lia:tangentLength uom="m">233.870</lia:tangentLength>
			<lia:curveLength uom="m">440.470</lia:curveLength>
		    .....						
		</lia:XPOINT>
	</feature>
	<!--  Implementation of SLOPE Road Register with Alignment RC  -->
	<feature>
		<lia:Alignment gml:id="a1">
			<gml:description>Road Longitudinal slope alignment definition</gml:description>
			<gml:name>Highway 30 section 05 centerline longitudinal slope</gml:name>
			<spatialRepresentation>
				<SpatialRepresentation>
					<geometry xlink:href="linestring1" xlink:title="LineString"/>
				</SpatialRepresentation>
			</spatialRepresentation>
			<linearlyReferencedLocation>
				<LinearlyReferencedLocation>
					<linearFromToLocation>
						<LinearFromToLocation>
							<fromPosition>
								<gmllr:PositionExpression gml:id="pe1">
									<gmllr:linearElement>Highway 30 section 05 centerline longitudinal slope</gmllr:linearElement>
									<gmllr:lrm xlink:href="lrm1"/>
									<gmllr:distanceExpression>
										<gmllr:DistanceExpression gml:id="de1">
											<gmllr:distanceAlong uom="m">2.690</gmllr:distanceAlong>
										</gmllr:DistanceExpression>
									</gmllr:distanceExpression>
								</gmllr:PositionExpression>
							</fromPosition>
							<toPosition>
								<gmllr:PositionExpression gml:id="pe2">
									<gmllr:linearElement>Highway 30 section 05 centerline longitudinal slope</gmllr:linearElement>
									<gmllr:lrm xlink:href="lrm1"/>
									<gmllr:distanceExpression>
										<gmllr:DistanceExpression gml:id="de2">
											<gmllr:distanceAlong uom="m">2.960</gmllr:distanceAlong>
										</gmllr:DistanceExpression>
									</gmllr:distanceExpression>
								</gmllr:PositionExpression>
							</toPosition>
						</LinearFromToLocation>
					</linearFromToLocation>
				</LinearlyReferencedLocation>
			</linearlyReferencedLocation>
			<lia:alignmentID>
				<lia:ID>
					<identifier>Alignment_longitudinalSlope_Highway30_05</identifier>
				</lia:ID>
			</lia:alignmentID>
			<lia:purpose>road centerline longitudinal slope</lia:purpose>
			<lia:linestring2DRepresentation>
				<lia:Linestring2DRepresentation gml:id="l2D">
					<gml:pos>0 2.690</gml:pos>
					<gml:pos>0 2.960</gml:pos>
				</lia:Linestring2DRepresentation>
			</lia:linestring2DRepresentation>
			<lia:geometry>
				<lia:AlignmentCurve gml:id="ac1">
					<lia:crs xlink:href="ecrs1"/>
				</lia:AlignmentCurve>
			</lia:geometry>
			<lia:horizontal xlink:href="ah2"/>
		</lia:Alignment>
	</feature>
	<feature>
		<lia:SLOPE gml:id="ah2">
			<lia:location>Highway 30 section 05 centerline longitudinal slope</lia:location>
			<lia:description>Highway 30 section 05 centerline longitudinal slope</lia:description>
			<lia:state>existing</lia:state>
			<lia:alignmentOffset uom="m">0</lia:alignmentOffset>
			<lia:segments>
				<lia:Alignment2DVertSegment>
					<lia:tangentialContinuity>true</lia:tangentialContinuity>
					<lia:startDistAlong>
						<gmllr:DistanceExpression gml:id="sda1">
							<gmllr:distanceAlong>2.690</gmllr:distanceAlong>
						</gmllr:DistanceExpression>
					</lia:startDistAlong>
					<lia:startHeight uom="m">14.240</lia:startHeight>
					<lia:startGradient>-1.170</lia:startGradient>
					<lia:horizontalLength uom="m">270.000</lia:horizontalLength>
				</lia:Alignment2DVertSegment>
			</lia:segments>
			<lia:segments>
				<lia:Alignment2DVertSegment>
					<lia:tangentialContinuity>true</lia:tangentialContinuity>
					<lia:startDistAlong>
						<gmllr:DistanceExpression gml:id="sda2">
							<gmllr:distanceAlong>2.960</gmllr:distanceAlong>
						</gmllr:DistanceExpression>
					</lia:startDistAlong>
					<lia:startHeight uom="m">13.070</lia:startHeight>
					<lia:startGradient>-1.170</lia:startGradient>
					<lia:horizontalLength uom="m">270.000</lia:horizontalLength>
				</lia:Alignment2DVertSegment>
			</lia:segments>
			<lia:measuredAlong xlink:href="alignment1"/>
			<lia:RDID>R1815025100300520160008</lia:RDID>
			<lia:roadName>Buan to Daegu</lia:roadName>
			<lia:roadMaintenanceOffice>51 Jeonju</lia:roadMaintenanceOffice>
		</lia:SLOPE>
	</feature>
</LandInfraDataset>