﻿<?xml version="1.0" encoding="UTF-8"?>
<LandInfraDataset
xmlns="http://www.opengis.net/infragml/core/1.0"
xmlns:gml="http://www.opengis.net/gml/3.2" 
gml:id="ds4a"
xmlns:xlink="http://www.w3.org/1999/xlink"
xmlns:li="http://www.opengis.net/infragml/core/1.0"
xmlns:lilf="http://www.opengis.net/infragml/landfeature/1.0"
xmlns:lif="http://www.opengis.net/infragml/facility/1.0"
xmlns:lia="http://www.opengis.net/infragml/alignment/1.0"
xmlns:lifr="http://www.opengis.net/infragml/road/1.0"
xmlns:gmllr="http://www.opengis.net/gml/3.3/lr"
xmlns:gmllro="http://www.opengis.net/gml/3.3/lro"
xmlns:tin="http://www.opengis.net/gml/3.3/tin"
xmlns:xsi="http://www.w3.org/2001/XMLSchema-instance"
xsi:schemaLocation="http://www.opengis.net/infragml/road/1.0 Part4Road0410.xsd">
	<!--  Implementation of LandInfaDataset LandInfra RC with Road Register  -->
	<datasetID>
		<ID>
			<identifier>Highway30-05_Road</identifier>
			<scope>Korean Road register Information</scope>
		</ID>
	</datasetID>
	<name>WALL Road register dataset</name>
	<description>WALL Road register dataset encoded to Road LandInfra </description>
	<dateTime>2022-03-23T15:00:00</dateTime>
	<datasetVersion>1.0</datasetVersion>
	<application>manual</application>
	<author>Munkhbaatar</author>
	<infraVersion>1.0</infraVersion>
	<language>English</language>
	<defaultCRS xlink:href="EPSG:5179"/>
	<!--  Implementation of WALL Road Register with Road RC  -->
	<feature>
		<lif:Facility gml:id="fac1">
			<lif:facilityID>
				<lif:ID>
					<identifier>Highway30</identifier>
				</lif:ID>
			</lif:facilityID>
			<lif:type>highway</lif:type>
			<lif:status>in service</lif:status>
			<lif:footprint xlink:href="linestring1" xlink:title="LineString">
			</lif:footprint>
			<lif:part xlink:href="r1"/>
		</lif:Facility>
	</feature>
	<feature>
		<lifr:Road gml:id="r1">
			<lif:facilityPartID>
				<lif:ID>
					<identifier>Highway30_05</identifier>
				</lif:ID>
			</lif:facilityPartID>
			<lif:type>road</lif:type>
			<lif:status>in service</lif:status>
			<lifr:roadID>
				<lifr:ID>
					<identifier>C0115025100300520160001</identifier>
				</lifr:ID>
			</lifr:roadID>
			<lifr:approximateWidth uom="m">20</lifr:approximateWidth>
		</lifr:Road>
	</feature>
	<feature>
		<lifr:WALL gml:id="wl1">
			<lifr:roadElementID>
				<lifr:ID>
					<identifier>C1215025100300520160001</identifier>
				</lifr:ID>
			</lifr:roadElementID>
			<lifr:roadElementType>retainingWall_RR</lifr:roadElementType>
			<lifr:material>stone</lifr:material>
			<gml:description>one of three retaining wall of highway 30 section 05</gml:description>
			<gml:name>retaining wall</gml:name>
			<spatialRepresentation>
				<SpatialRepresentation>
					<geometry xlink:href="linestring1" xlink:title="LineString"/>
				</SpatialRepresentation>
			</spatialRepresentation>
			<linearlyReferencedLocation>
				<LinearlyReferencedLocation>
					<linearFromToLocation>
						<LinearFromToLocation>
							<fromPosition>
								<gmllr:PositionExpression gml:id="pe1">
									<gmllr:linearElement>Highway 30 section 05 retaining wall</gmllr:linearElement>
									<gmllr:lrm xlink:href="lrm1"/>
									<gmllr:LateralOffsetDistanceExpression>
										<gmllr:distanceAlong uom="km">0.870</gmllr:distanceAlong>
										<gmllr:lateralOffsetDistanceExpression>
											<gmllr:LateralOffsetExpression>
												<gmllr:lateralOffset uom="m">13</gmllr:lateralOffset>
											</gmllr:LateralOffsetExpression>
										</gmllr:lateralOffsetDistanceExpression>
									</gmllr:LateralOffsetDistanceExpression>
								</gmllr:PositionExpression>
							</fromPosition>
							<toPosition>
								<gmllr:PositionExpression gml:id="pe2">
									<gmllr:linearElement>Highway 30 section 05 retaining wall</gmllr:linearElement>
									<gmllr:lrm xlink:href="lrm1"/>
									<gmllr:LateralOffsetDistanceExpression>
										<gmllr:distanceAlong uom="km">1.040</gmllr:distanceAlong>
										<gmllr:lateralOffsetDistanceExpression>
											<gmllr:LateralOffsetExpression>
												<gmllr:lateralOffset uom="m">13</gmllr:lateralOffset>
											</gmllr:LateralOffsetExpression>
										</gmllr:lateralOffsetDistanceExpression>
									</gmllr:LateralOffsetDistanceExpression>
								</gmllr:PositionExpression>
							</toPosition>
						</LinearFromToLocation>
					</linearFromToLocation>
				</LinearlyReferencedLocation>
			</linearlyReferencedLocation>
			<lifr:wallLength uom="m">170</lifr:wallLength>
			<lifr:wallHeightMax uom="m">5.4</lifr:wallHeightMax>
			<lifr:wallHeightMin uom="m">5.4</lifr:wallHeightMin>
			<lifr:wallWidth uom="m">0.5</lifr:wallWidth>
            .....
			<lifr:alignment xlink:href="ra1"/>
		</lifr:WALL>
	</feature>
	<feature>
		<lia:Alignment gml:id="ra1">
			<lia:alignmentID>
				<lia:ID>
					<identifier>Alignment_Highway30_05</identifier>
				</lia:ID>
			</lia:alignmentID>
			<lia:purpose>describing retaining wall</lia:purpose>
			<lia:geometry>
				<lia:AlignmentCurve gml:id="ac1">
					<lia:crs xlink:href="ecrs1"/>
					<lia:horizontal>
						<lia:Alignment2DHorizontal gml:id="ah1">
							<lia:location>Retaining wall along with Highway 30 section 05</lia:location>
							<lia:description>Retaining wall along with Highway 30 section 05</lia:description>
							<lia:state>existing</lia:state>
							<lia:segment>
								<lia:Alignment2DHorSegment>
									<lia:tangentialContinuity>false</lia:tangentialContinuity>
									<lia:geometry>
										<lia:LineSegment>
											<gml:pos>0 0.870</gml:pos>
											<gml:pos>0 1.040</gml:pos>
										</lia:LineSegment>
									</lia:geometry>
								</lia:Alignment2DHorSegment>
							</lia:segment>
						</lia:Alignment2DHorizontal>
					</lia:horizontal>
				</lia:AlignmentCurve>
			</lia:geometry>
		</lia:Alignment>
	</feature>
</LandInfraDataset>
